road_link_id,name,from_node_id,to_node_id,facility_type,link_type,dir_flag,length,lanes,free_speed,capacity,agent_type_code,geometry,
1408355360,(null),1,3,Freeway,1,1,20.00000,1,60.0,4000.0,"","LINESTRING (0.017882 -0.125179 ,19.778254 14.806867 )"
1408355360,(null),3,2,Freeway,1,1,24.39613,1,60.0,4000.0,"","LINESTRING (19.778254 14.806867 ,40.253933 0.053648 )"
1408355360,(null),1,4,arterial,2,1,30.00000,1,60.0,3000.0,"","LINESTRING (0.017882 -0.125179 ,19.688841 -9.692418 )"
1408355360,(null),4,2,arterial,2,1,24.39613,1,60.0,3000.0,"","LINESTRING (19.688841 -9.692418 ,40.253933 0.053648 )"
